{"cameraMode":{"drawMode":0,"name":"Shaded","section":"Shading Mode"},"sceneLighting":false,"audioPlay":false,"sceneViewState":{"showFog":true,"showMaterialUpdate":false,"showSkybox":true,"showFlares":true,"showImageEffects":true,"showParticleSystems":true},"in2DMode":false,"pivot":{"x":-13.26839828491211,"y":1.25,"z":-10.032999038696289},"rotation":{"x":0.18648700416088105,"y":-0.11265086382627487,"z":0.021509356796741487,"w":0.9757406115531921},"size":11.431534767150879,"orthographic":false}