{"cameraMode":{"drawMode":0,"name":"Shaded","section":"Shading Mode"},"sceneLighting":false,"audioPlay":false,"sceneViewState":{"showFog":true,"showMaterialUpdate":false,"showSkybox":true,"showFlares":true,"showImageEffects":true,"showParticleSystems":true},"in2DMode":false,"pivot":{"x":-4.721246719360352,"y":4.128057479858398,"z":-1.1655646562576295},"rotation":{"x":0.09172991663217545,"y":0.04236624017357826,"z":-0.003924963064491749,"w":0.9948744773864746},"size":48.98283767700195,"orthographic":false}