{"cameraMode":{"drawMode":0,"name":"Shaded","section":"Shading Mode"},"sceneLighting":false,"audioPlay":false,"sceneViewState":{"showFog":true,"showMaterialUpdate":false,"showSkybox":true,"showFlares":true,"showImageEffects":true,"showParticleSystems":true},"in2DMode":false,"pivot":{"x":0.0,"y":1.5910000801086426,"z":0.04900002479553223},"rotation":{"x":0.17269021272659303,"y":0.05577416718006134,"z":-0.009816228412091732,"w":0.9833468198776245},"size":3.299999713897705,"orthographic":false}