{"cameraMode":{"drawMode":0,"name":"Shaded","section":"Shading Mode"},"sceneLighting":false,"audioPlay":false,"sceneViewState":{"showFog":true,"showMaterialUpdate":false,"showSkybox":true,"showFlares":true,"showImageEffects":true,"showParticleSystems":true},"in2DMode":false,"pivot":{"x":-4.721246719360352,"y":4.128057479858398,"z":-1.1655646562576295},"rotation":{"x":0.1156056746840477,"y":0.036304786801338199,"z":-0.004246980417519808,"w":0.992622435092926},"size":48.98283767700195,"orthographic":false}