{"cameraMode":{"drawMode":0,"name":"Shaded","section":"Shading Mode"},"sceneLighting":false,"audioPlay":false,"sceneViewState":{"showFog":true,"showMaterialUpdate":false,"showSkybox":true,"showFlares":true,"showImageEffects":true,"showParticleSystems":true},"in2DMode":false,"pivot":{"x":-1.5720791816711426,"y":-1.8954507112503052,"z":-14.57157039642334},"rotation":{"x":-0.12306525558233261,"y":-0.5014499425888062,"z":0.07234468311071396,"w":-0.853328287601471},"size":47.065528869628909,"orthographic":false}