{"cameraMode":{"drawMode":0,"name":"Shaded","section":"Shading Mode"},"sceneLighting":false,"audioPlay":false,"sceneViewState":{"showFog":true,"showMaterialUpdate":false,"showSkybox":true,"showFlares":true,"showImageEffects":true,"showParticleSystems":true},"in2DMode":false,"pivot":{"x":-13.699999809265137,"y":4.880000114440918,"z":-5.119999885559082},"rotation":{"x":0.18648700416088105,"y":-0.11265086382627487,"z":0.021509356796741487,"w":0.9757406115531921},"size":4.286825656890869,"orthographic":false}