{"cameraMode":{"drawMode":0,"name":"Shaded","section":"Shading Mode"},"sceneLighting":false,"audioPlay":false,"sceneViewState":{"showFog":true,"showMaterialUpdate":false,"showSkybox":true,"showFlares":true,"showImageEffects":true,"showParticleSystems":true},"in2DMode":false,"pivot":{"x":3.3399999141693117,"y":7.469999313354492,"z":-8.989999771118164},"rotation":{"x":0.18648700416088105,"y":-0.11265086382627487,"z":0.021509356796741487,"w":0.9757406115531921},"size":5.7157673835754398,"orthographic":false}