{"cameraMode":{"drawMode":0,"name":"Shaded","section":"Shading Mode"},"sceneLighting":false,"audioPlay":false,"sceneViewState":{"showFog":true,"showMaterialUpdate":false,"showSkybox":true,"showFlares":true,"showImageEffects":true,"showParticleSystems":true},"in2DMode":false,"pivot":{"x":-6.391082763671875,"y":7.543721675872803,"z":-7.121650218963623},"rotation":{"x":-0.09677176177501679,"y":0.23479770123958589,"z":-0.02347525767982006,"w":-0.9669302701950073},"size":22.639734268188478,"orthographic":false}