{"cameraMode":{"drawMode":0,"name":"Shaded","section":"Shading Mode"},"sceneLighting":false,"audioPlay":false,"sceneViewState":{"showFog":true,"showMaterialUpdate":false,"showSkybox":true,"showFlares":true,"showImageEffects":true,"showParticleSystems":true},"in2DMode":false,"pivot":{"x":-1.0,"y":4.8899993896484379,"z":13.989999771118164},"rotation":{"x":0.1495455950498581,"y":-0.3176329433917999,"z":0.05081509053707123,"w":0.934967041015625},"size":33.030582427978519,"orthographic":false}