{"cameraMode":{"drawMode":0,"name":"Shaded","section":"Shading Mode"},"sceneLighting":false,"audioPlay":false,"sceneViewState":{"showFog":true,"showMaterialUpdate":false,"showSkybox":true,"showFlares":true,"showImageEffects":true,"showParticleSystems":true},"in2DMode":false,"pivot":{"x":-0.015562430024147034,"y":0.0,"z":0.9946382641792297},"rotation":{"x":0.1495455950498581,"y":-0.3176329433917999,"z":0.05081509053707123,"w":0.934967041015625},"size":1.8234312534332276,"orthographic":false}