{"cameraMode":{"drawMode":0,"name":"Shaded","section":"Shading Mode"},"sceneLighting":false,"audioPlay":false,"sceneViewState":{"showFog":true,"showMaterialUpdate":false,"showSkybox":true,"showFlares":true,"showImageEffects":true,"showParticleSystems":true},"in2DMode":false,"pivot":{"x":0.0,"y":13.6899995803833,"z":-12.050000190734864},"rotation":{"x":0.16601401567459107,"y":-0.11773698031902313,"z":0.019970549270510675,"w":0.9788660407066345},"size":2.8578836917877199,"orthographic":false}