{"cameraMode":{"drawMode":0,"name":"Shaded","section":"Shading Mode"},"sceneLighting":false,"audioPlay":false,"sceneViewState":{"showFog":true,"showMaterialUpdate":false,"showSkybox":true,"showFlares":true,"showImageEffects":true,"showParticleSystems":true},"in2DMode":false,"pivot":{"x":-19.899999618530275,"y":7.0,"z":-10.399999618530274},"rotation":{"x":-0.20374487340450288,"y":0.49696823954582217,"z":-0.12130063027143479,"w":-0.8347436189651489},"size":33.03058624267578,"orthographic":false}